,Weighted Average,Direct Average,Block-Match,Text,Position,Color,CLIP,Intermediate Average
mini_cpm,0.8118819415905463,0.7935486113873326,0.8511521724401239,0.9683977626836091,0.6633151945311728,0.6424404353525217,0.8424374919292356,0.7813263912518569
llava_onevision,0.7904304043996319,0.7554647721039771,0.708389491872846,0.8717610364615596,0.7013999302152989,0.6470669437444578,0.8487064582257231,0.7321543505735406
qwen2_vl-7b_3072_bsz8_web2code,0.8618064215587289,0.8432628936184496,0.8484546835221757,0.9357749404377504,0.7836209817008895,0.7557515609722386,0.8927123014591942,0.8309005416582635
qwen2_vl,0.8274120648830845,0.8034172680433072,0.7930188927457166,0.9325774909944792,0.738288978606633,0.6857975849203269,0.8674033929493802,0.7874207368167889
llama3.2_vl_batch,0.7878069349025973,0.751392519527007,0.7106657484391337,0.864376744889612,0.6952926029634436,0.6381298741475978,0.8484976271952479,0.7271162426099469
gpt4o,0.9071101124300291,0.9067460630233773,0.9302451294802322,0.9836165076357072,0.8594924582894239,0.8526593582704076,0.9077168614411157,0.9065033634189427
