{
    "stage2_llm_2nodes_1e5_web2code_bsz128_1e5_html_chartbench_mix_v3_127k_893": {
        "16150.html": [
            0.14599609375,
            0.0,
            0.0,
            0.0,
            0.0,
            0.72998046875
        ],
        "5671.html": [
            0.14345703125,
            0.0,
            0.0,
            0.0,
            0.0,
            0.71728515625
        ],
        "10512.html": [
            0.14423828125000002,
            0.0,
            0.0,
            0.0,
            0.0,
            0.72119140625
        ],
        "1262.html": [
            0.15673828125,
            0.0,
            0.0,
            0.0,
            0.0,
            0.78369140625
        ],
        "14919.html": [
            0.8466725806795303,
            0.9571435639620872,
            0.8613393173925211,
            0.7912320101773228,
            0.7110503556157198,
            0.91259765625
        ],
        "584.html": [
            0.8459712463175066,
            0.848160217338398,
            0.9588231884657824,
            0.7971070321510957,
            0.8562345436322568,
            0.76953125
        ],
        "4618.html": [
            0.16142578125,
            0.0,
            0.0,
            0.0,
            0.0,
            0.80712890625
        ],
        "12232.html": [
            0.16103515625,
            0.0,
            0.0,
            0.0,
            0.0,
            0.80517578125
        ],
        "5177.html": [
            0.6917589470600737,
            0.5634252236321483,
            0.865752881050958,
            0.5916759029424353,
            0.5600110401748266,
            0.8779296875
        ],
        "4512.html": [
            0.12705078125,
            0.0,
            0.0,
            0.0,
            0.0,
            0.63525390625
        ],
        "7557.html": [
            0.14755859375,
            0.0,
            0.0,
            0.0,
            0.0,
            0.73779296875
        ],
        "13004.html": [
            0.1654296875,
            0.0,
            0.0,
            0.0,
            0.0,
            0.8271484375
        ],
        "4272.html": [
            0.7675976025097172,
            0.6219470949201406,
            0.8901452810100986,
            0.6946781797154576,
            0.7034830819028892,
            0.927734375
        ],
        "3010.html": [
            0.14677734375,
            0.0,
            0.0,
            0.0,
            0.0,
            0.73388671875
        ],
        "117.html": [
            0.7890864732349407,
            0.9850274496755945,
            1.0,
            0.8336805555555555,
            0.17262279844355288,
            0.9541015625
        ],
        "1352.html": [
            0.7802764857048868,
            0.9019704051431382,
            0.9517395009054695,
            0.8115717592592594,
            0.38746795071656676,
            0.8486328125
        ],
        "58.html": [
            0.15048828125000002,
            0.0,
            0.0,
            0.0,
            0.0,
            0.75244140625
        ],
        "11305.html": [
            0.7284793158438858,
            0.4672233933290444,
            0.8455936254137151,
            0.6640968566257835,
            0.7904827038508854,
            0.875
        ],
        "8915.html": [
            0.14521484375000002,
            0.0,
            0.0,
            0.0,
            0.0,
            0.72607421875
        ],
        "15864.html": [
            0.14833984375,
            0.0,
            0.0,
            0.0,
            0.0,
            0.74169921875
        ],
        "16903.html": [
            0.8638862174919135,
            0.961013250686421,
            0.9639821680062203,
            0.7446100651615503,
            0.836837322355376,
            0.81298828125
        ],
        "8366.html": [
            0.861707620470709,
            0.9358232626359936,
            0.9540181167085646,
            0.6360908318058403,
            0.8724496412031458,
            0.91015625
        ],
        "13657.html": [
            0.15390625000000002,
            0.0,
            0.0,
            0.0,
            0.0,
            0.76953125
        ],
        "14951.html": [
            0.884977108809553,
            0.9292200663965626,
            0.9741881696756202,
            0.8664095334162599,
            0.754677149559322,
            0.900390625
        ],
        "395.html": [
            0.7852577420263865,
            1.0000000000000002,
            0.9957187085360459,
            0.6865885416666667,
            0.3890009911792195,
            0.85498046875
        ],
        "348.html": [
            0.14599609375,
            0.0,
            0.0,
            0.0,
            0.0,
            0.72998046875
        ],
        "1087.html": [
            0.13496093750000002,
            0.0,
            0.0,
            0.0,
            0.0,
            0.6748046875
        ]
    }
}