{
    "dpo_chart_mix_v2_130k_917_char_72b_47k_674": {
        "16150.html": [
            0.14599609375,
            0.0,
            0.0,
            0.0,
            0.0,
            0.72998046875
        ],
        "5671.html": [
            0.14345703125,
            0.0,
            0.0,
            0.0,
            0.0,
            0.71728515625
        ],
        "10512.html": [
            0.14423828125000002,
            0.0,
            0.0,
            0.0,
            0.0,
            0.72119140625
        ],
        "1262.html": [
            0.15673828125,
            0.0,
            0.0,
            0.0,
            0.0,
            0.78369140625
        ],
        "14919.html": [
            0.151171875,
            0.0,
            0.0,
            0.0,
            0.0,
            0.755859375
        ],
        "4618.html": [
            0.16142578125,
            0.0,
            0.0,
            0.0,
            0.0,
            0.80712890625
        ],
        "12232.html": [
            0.16103515625,
            0.0,
            0.0,
            0.0,
            0.0,
            0.80517578125
        ],
        "4512.html": [
            0.12705078125,
            0.0,
            0.0,
            0.0,
            0.0,
            0.63525390625
        ],
        "7557.html": [
            0.14755859375,
            0.0,
            0.0,
            0.0,
            0.0,
            0.73779296875
        ],
        "13004.html": [
            0.1654296875,
            0.0,
            0.0,
            0.0,
            0.0,
            0.8271484375
        ],
        "4272.html": [
            0.7840630737296559,
            0.7087872844920612,
            0.7293518979333506,
            0.7174900606827713,
            0.8535533130400964,
            0.9111328125
        ],
        "3010.html": [
            0.14677734375,
            0.0,
            0.0,
            0.0,
            0.0,
            0.73388671875
        ],
        "1352.html": [
            0.14248046875,
            0.0,
            0.0,
            0.0,
            0.0,
            0.71240234375
        ],
        "58.html": [
            0.15048828125000002,
            0.0,
            0.0,
            0.0,
            0.0,
            0.75244140625
        ],
        "8915.html": [
            0.14521484375000002,
            0.0,
            0.0,
            0.0,
            0.0,
            0.72607421875
        ],
        "15864.html": [
            0.14833984375,
            0.0,
            0.0,
            0.0,
            0.0,
            0.74169921875
        ],
        "16903.html": [
            0.8323129207283,
            0.7634607119815542,
            0.9875845623303251,
            0.7428032001024872,
            0.8449622229771332,
            0.82275390625
        ],
        "14951.html": [
            0.8308662713960928,
            0.8843408265705079,
            0.9780091693216256,
            0.7491170419903896,
            0.617571350347941,
            0.92529296875
        ],
        "395.html": [
            0.8610979954556872,
            1.0,
            0.9957187085360459,
            0.6879644097222222,
            0.7385060777701667,
            0.88330078125
        ],
        "1087.html": [
            0.13496093750000002,
            0.0,
            0.0,
            0.0,
            0.0,
            0.6748046875
        ]
    }
}