{
    "dpo_chart_mix_v2_130k_917_char_72b_47k_500": {
        "16150.html": [
            0.14599609375,
            0.0,
            0.0,
            0.0,
            0.0,
            0.72998046875
        ],
        "5671.html": [
            0.14345703125,
            0.0,
            0.0,
            0.0,
            0.0,
            0.71728515625
        ],
        "10578.html": [
            0.15458984375,
            0.0,
            0.0,
            0.0,
            0.0,
            0.77294921875
        ],
        "10512.html": [
            0.14423828125000002,
            0.0,
            0.0,
            0.0,
            0.0,
            0.72119140625
        ],
        "1262.html": [
            0.15673828125,
            0.0,
            0.0,
            0.0,
            0.0,
            0.78369140625
        ],
        "14919.html": [
            0.151171875,
            0.0,
            0.0,
            0.0,
            0.0,
            0.755859375
        ],
        "4618.html": [
            0.16142578125,
            0.0,
            0.0,
            0.0,
            0.0,
            0.80712890625
        ],
        "12232.html": [
            0.16103515625,
            0.0,
            0.0,
            0.0,
            0.0,
            0.80517578125
        ],
        "4512.html": [
            0.12705078125,
            0.0,
            0.0,
            0.0,
            0.0,
            0.63525390625
        ],
        "7557.html": [
            0.14755859375,
            0.0,
            0.0,
            0.0,
            0.0,
            0.73779296875
        ],
        "13004.html": [
            0.1654296875,
            0.0,
            0.0,
            0.0,
            0.0,
            0.8271484375
        ],
        "4272.html": [
            0.743565586309852,
            0.46179094724538505,
            0.7767648402495236,
            0.7580859375,
            0.8383737065543512,
            0.8828125
        ],
        "3010.html": [
            0.14677734375,
            0.0,
            0.0,
            0.0,
            0.0,
            0.73388671875
        ],
        "1352.html": [
            0.8735442860463245,
            0.9730546622846883,
            0.9916184281534922,
            0.7586470509678229,
            0.8177411325756182,
            0.82666015625
        ],
        "58.html": [
            0.8431407581732877,
            0.7970527600790951,
            0.9492701134148502,
            0.7006101529246974,
            0.8351770144477952,
            0.93359375
        ],
        "8915.html": [
            0.14521484375000002,
            0.0,
            0.0,
            0.0,
            0.0,
            0.72607421875
        ],
        "15864.html": [
            0.14833984375,
            0.0,
            0.0,
            0.0,
            0.0,
            0.74169921875
        ],
        "16903.html": [
            0.8052539705093399,
            0.7124836316138524,
            0.9667336523517759,
            0.7216217102291129,
            0.8612707021019577,
            0.76416015625
        ],
        "14951.html": [
            0.8590064672339385,
            0.9545183827353061,
            0.957944266213751,
            0.7459682102863063,
            0.7537889769343287,
            0.8828125
        ],
        "395.html": [
            0.8610979954556872,
            1.0,
            0.9957187085360459,
            0.6879644097222222,
            0.7385060777701667,
            0.88330078125
        ],
        "348.html": [
            0.14599609375,
            0.0,
            0.0,
            0.0,
            0.0,
            0.72998046875
        ],
        "1087.html": [
            0.13496093750000002,
            0.0,
            0.0,
            0.0,
            0.0,
            0.6748046875
        ]
    }
}