{
    "Qwen2-VL-72B-Instruct": {
        "16522.html": [
            0.9078236408623405,
            0.9756712756326903,
            0.9909394678305307,
            0.9200027619145823,
            0.8527000114338987,
            0.7998046875
        ],
        "1071.html": [
            0.9127564726900428,
            0.9982524868410203,
            1.0,
            0.8475694195443513,
            0.757022957064842,
            0.9609375
        ],
        "5257.html": [
            0.9396086602088259,
            0.9998938015447535,
            0.9387244762881821,
            0.9139508887124925,
            0.9528960094987016,
            0.892578125
        ],
        "9625.html": [
            0.14296875,
            0.0,
            0.0,
            0.0,
            0.0,
            0.71484375
        ],
        "15741.html": [
            0.1482421875,
            0.0,
            0.0,
            0.0,
            0.0,
            0.7412109375
        ],
        "14948.html": [
            0.14384765625,
            0.0,
            0.0,
            0.0,
            0.0,
            0.71923828125
        ],
        "14255.html": [
            0.9238866599194463,
            0.9174896085227114,
            0.9852256375144322,
            0.9390245994414996,
            0.8763262666185879,
            0.9013671875
        ],
        "1215.html": [
            0.12714843750000002,
            0.0,
            0.0,
            0.0,
            0.0,
            0.6357421875
        ],
        "10406.html": [
            0.17207031250000002,
            0.0,
            0.0,
            0.0,
            0.0,
            0.8603515625
        ],
        "62.html": [
            0.1751953125,
            0.0,
            0.0,
            0.0,
            0.0,
            0.8759765625
        ],
        "9912.html": [
            0.14951171875,
            0.0,
            0.0,
            0.0,
            0.0,
            0.74755859375
        ],
        "9114.html": [
            0.16298828125,
            0.0,
            0.0,
            0.0,
            0.0,
            0.81494140625
        ],
        "4677.html": [
            0.147265625,
            0.0,
            0.0,
            0.0,
            0.0,
            0.736328125
        ],
        "6998.html": [
            0.8948503005433719,
            0.8363032136390259,
            0.9981603235516686,
            0.9088993591725136,
            0.8212206376036513,
            0.90966796875
        ],
        "9335.html": [
            0.14179687500000002,
            0.0,
            0.0,
            0.0,
            0.0,
            0.708984375
        ],
        "6315.html": [
            0.15791015625000002,
            0.0,
            0.0,
            0.0,
            0.0,
            0.78955078125
        ],
        "11791.html": [
            0.15703125,
            0.0,
            0.0,
            0.0,
            0.0,
            0.78515625
        ],
        "2997.html": [
            0.8526902217939594,
            0.9550173271521637,
            0.9416970669779658,
            0.7542334456661993,
            0.7116243629234673,
            0.90087890625
        ],
        "17099.html": [
            0.1677734375,
            0.0,
            0.0,
            0.0,
            0.0,
            0.8388671875
        ],
        "11710.html": [
            0.16376953125000002,
            0.0,
            0.0,
            0.0,
            0.0,
            0.81884765625
        ],
        "3847.html": [
            0.8246234764739708,
            0.8601249807541359,
            1.0,
            0.708372878430702,
            0.633232804435016,
            0.92138671875
        ],
        "171.html": [
            0.14912109375000002,
            0.0,
            0.0,
            0.0,
            0.0,
            0.74560546875
        ],
        "17743.html": [
            0.14599609375,
            0.0,
            0.0,
            0.0,
            0.0,
            0.72998046875
        ],
        "16596.html": [
            0.8372667563503431,
            0.9941655720027666,
            0.9865280136659578,
            0.8829353085154826,
            0.411083793817508,
            0.91162109375
        ],
        "10676.html": [
            0.9000809253202766,
            1.0,
            1.0,
            0.6144221230158731,
            0.9963340660855096,
            0.8896484375
        ],
        "2310.html": [
            0.14287109375,
            0.0,
            0.0,
            0.0,
            0.0,
            0.71435546875
        ]
    }
}