{
    "stage2_llm_2nodes_1e5_web2code_bsz128_1e5_chart_revised_evol_bench_mix_v2_137k-963": {
        "12024.html": [
            0.8116585810247376,
            0.9279585519685629,
            0.9379014578099245,
            0.5961628595912588,
            0.7075981607539421,
            0.888671875
        ],
        "16150.html": [
            0.14599609375,
            0.0,
            0.0,
            0.0,
            0.0,
            0.72998046875
        ],
        "16790.html": [
            0.8110198332435365,
            0.8416191853460463,
            0.9260072402219564,
            0.7674457105633246,
            0.6645582800863552,
            0.85546875
        ],
        "5671.html": [
            0.14345703125,
            0.0,
            0.0,
            0.0,
            0.0,
            0.71728515625
        ],
        "10578.html": [
            0.7952031900624384,
            0.7412042720493368,
            0.9801317915654866,
            0.7187440490918076,
            0.663377243855561,
            0.87255859375
        ],
        "10512.html": [
            0.14423828125000002,
            0.0,
            0.0,
            0.0,
            0.0,
            0.72119140625
        ],
        "1262.html": [
            0.15673828125,
            0.0,
            0.0,
            0.0,
            0.0,
            0.78369140625
        ],
        "8995.html": [
            0.808515818500522,
            0.9455543358946212,
            0.9973404255319149,
            0.5572916666666667,
            0.6742286019094075,
            0.8681640625
        ],
        "4618.html": [
            0.16142578125,
            0.0,
            0.0,
            0.0,
            0.0,
            0.80712890625
        ],
        "12232.html": [
            0.16103515625,
            0.0,
            0.0,
            0.0,
            0.0,
            0.80517578125
        ],
        "10210.html": [
            0.16630859375,
            0.0,
            0.0,
            0.0,
            0.0,
            0.83154296875
        ],
        "15845.html": [
            0.8240687231281045,
            0.9681767738191178,
            1.0,
            0.7604375597214753,
            0.5513972508499294,
            0.84033203125
        ],
        "4512.html": [
            0.8447376135862641,
            0.9016683019823308,
            0.9606258501787353,
            0.8583537203917184,
            0.7090948828785364,
            0.7939453125
        ],
        "7557.html": [
            0.14755859375,
            0.0,
            0.0,
            0.0,
            0.0,
            0.73779296875
        ],
        "13004.html": [
            0.1654296875,
            0.0,
            0.0,
            0.0,
            0.0,
            0.8271484375
        ],
        "9655.html": [
            0.7896360207966284,
            0.7570027803437017,
            0.8109549387212999,
            0.7673527430350184,
            0.7407993293831217,
            0.8720703125
        ],
        "4272.html": [
            0.8216621181722765,
            0.7667251318195624,
            0.8539524974108409,
            0.8494871710992997,
            0.7729114155316789,
            0.865234375
        ],
        "2387.html": [
            0.7803376664175667,
            0.8814040981223201,
            0.9924242424242425,
            0.7577616439062592,
            0.41365303513501134,
            0.8564453125
        ],
        "3010.html": [
            0.8341627034880039,
            0.8860694654697292,
            0.9549618802220595,
            0.6533146136810808,
            0.7536159955671502,
            0.9228515625
        ],
        "1352.html": [
            0.8354456959434482,
            0.9196276500273551,
            0.9929473684210526,
            0.7108164510371064,
            0.692997166481726,
            0.86083984375
        ],
        "58.html": [
            0.8211532484533421,
            0.7912879869423878,
            0.9582015669515669,
            0.6896842027150535,
            0.7745026419077026,
            0.89208984375
        ],
        "1223.html": [
            0.17822265625,
            0.0,
            0.0,
            0.0,
            0.0,
            0.89111328125
        ],
        "8915.html": [
            0.14521484375000002,
            0.0,
            0.0,
            0.0,
            0.0,
            0.72607421875
        ],
        "15954.html": [
            0.6982773810322689,
            0.18855102524280026,
            1.0,
            0.6894121034220007,
            0.7452597139965432,
            0.8681640625
        ],
        "9610.html": [
            0.8194094696733307,
            0.970342279869023,
            0.9191742081447964,
            0.728063322368421,
            0.5942136317344132,
            0.88525390625
        ],
        "7331.html": [
            0.8680473559899557,
            0.9353167031254559,
            0.8669239951450156,
            0.794964695860795,
            0.8528946670685125,
            0.89013671875
        ],
        "9294.html": [
            0.16660156250000002,
            0.0,
            0.0,
            0.0,
            0.0,
            0.8330078125
        ],
        "15864.html": [
            0.14833984375,
            0.0,
            0.0,
            0.0,
            0.0,
            0.74169921875
        ],
        "16903.html": [
            0.7847214726562698,
            0.7871233613212372,
            0.952471787766398,
            0.6307993381576334,
            0.7182519385360798,
            0.8349609375
        ],
        "14247.html": [
            0.17919921875,
            0.0,
            0.0,
            0.0,
            0.0,
            0.89599609375
        ],
        "1332.html": [
            0.7455513530249887,
            0.43280847895576663,
            0.8604651162790697,
            0.8081701369866489,
            0.7947700641534574,
            0.83154296875
        ],
        "14951.html": [
            0.15927734375000002,
            0.0,
            0.0,
            0.0,
            0.0,
            0.79638671875
        ],
        "395.html": [
            0.7769966872468282,
            0.5229032440375269,
            1.0,
            0.794565972222222,
            0.752572813724392,
            0.81494140625
        ],
        "348.html": [
            0.847171347950124,
            0.824809663689153,
            0.9644152923327503,
            0.8478563034297445,
            0.7657676677989722,
            0.8330078125
        ],
        "13545.html": [
            0.14248046875,
            0.0,
            0.0,
            0.0,
            0.0,
            0.71240234375
        ],
        "1087.html": [
            0.825598978670276,
            0.8629586669158891,
            0.9830944172261536,
            0.7854091228018528,
            0.6518061239074847,
            0.8447265625
        ],
        "2822.html": [
            0.14921875,
            0.0,
            0.0,
            0.0,
            0.0,
            0.74609375
        ],
        "8819.html": [
            0.864331839434216,
            0.695540123365417,
            0.9686335038709148,
            0.8641434361544638,
            0.9173655712802842,
            0.8759765625
        ],
        "13999.html": [
            0.6920530060873882,
            0.49796632329826906,
            0.8850602687107343,
            0.6942428548896045,
            0.4987182397883329,
            0.88427734375
        ]
    }
}