{
    "stage2_llm_2nodes_1e5_web2code_bsz128_1e5_chart_evol_bench_mix_v1_97k-685": {
        "16150.html": [
            0.14599609375,
            0.0,
            0.0,
            0.0,
            0.0,
            0.72998046875
        ],
        "5671.html": [
            0.14345703125,
            0.0,
            0.0,
            0.0,
            0.0,
            0.71728515625
        ],
        "10578.html": [
            0.15458984375,
            0.0,
            0.0,
            0.0,
            0.0,
            0.77294921875
        ],
        "10512.html": [
            0.14423828125000002,
            0.0,
            0.0,
            0.0,
            0.0,
            0.72119140625
        ],
        "1262.html": [
            0.15673828125,
            0.0,
            0.0,
            0.0,
            0.0,
            0.78369140625
        ],
        "4618.html": [
            0.16142578125,
            0.0,
            0.0,
            0.0,
            0.0,
            0.80712890625
        ],
        "12232.html": [
            0.16103515625,
            0.0,
            0.0,
            0.0,
            0.0,
            0.80517578125
        ],
        "15845.html": [
            0.7184342858887197,
            0.7198814556411197,
            0.8937808670203037,
            0.6634278854606188,
            0.5020929400715558,
            0.81298828125
        ],
        "4512.html": [
            0.12705078125,
            0.0,
            0.0,
            0.0,
            0.0,
            0.63525390625
        ],
        "9666.html": [
            0.16816406250000002,
            0.0,
            0.0,
            0.0,
            0.0,
            0.8408203125
        ],
        "7557.html": [
            0.14755859375,
            0.0,
            0.0,
            0.0,
            0.0,
            0.73779296875
        ],
        "13004.html": [
            0.1654296875,
            0.0,
            0.0,
            0.0,
            0.0,
            0.8271484375
        ],
        "4272.html": [
            0.8327923101873751,
            0.8178471875416512,
            0.8016267965433772,
            0.8728561066383048,
            0.8430181789635426,
            0.82861328125
        ],
        "2387.html": [
            0.7877868264840708,
            0.9535414076445577,
            0.966033966033966,
            0.7378918532960247,
            0.4201387804458055,
            0.861328125
        ],
        "3010.html": [
            0.848866787375759,
            0.8973351868503119,
            0.9413158510199682,
            0.7185568494024918,
            0.7755049558560234,
            0.91162109375
        ],
        "1352.html": [
            0.8355649402077847,
            0.9020396171168915,
            0.9918623481781376,
            0.7066394436226167,
            0.7052129796212772,
            0.8720703125
        ],
        "58.html": [
            0.860454115612664,
            0.9202429216650556,
            0.9703537966980336,
            0.7698889872509301,
            0.7789919036993002,
            0.86279296875
        ],
        "987.html": [
            0.8438670155637624,
            0.833907860143727,
            0.9183750274827174,
            0.8469893946060868,
            0.7069768580862809,
            0.9130859375
        ],
        "8915.html": [
            0.14521484375000002,
            0.0,
            0.0,
            0.0,
            0.0,
            0.72607421875
        ],
        "9294.html": [
            0.16660156250000002,
            0.0,
            0.0,
            0.0,
            0.0,
            0.8330078125
        ],
        "15864.html": [
            0.14833984375,
            0.0,
            0.0,
            0.0,
            0.0,
            0.74169921875
        ],
        "16903.html": [
            0.7750847345451133,
            0.7168014684626082,
            0.9696138654407589,
            0.7758119353783401,
            0.6646612471938588,
            0.74853515625
        ],
        "14951.html": [
            0.15927734375000002,
            0.0,
            0.0,
            0.0,
            0.0,
            0.79638671875
        ],
        "395.html": [
            0.7927485268692065,
            0.5189063657605288,
            1.0,
            0.8509548611111111,
            0.752572813724392,
            0.84130859375
        ],
        "348.html": [
            0.14599609375,
            0.0,
            0.0,
            0.0,
            0.0,
            0.72998046875
        ],
        "13545.html": [
            0.7228134645168467,
            0.5870210977540324,
            0.8473140942641348,
            0.6069617987186781,
            0.7353679880973876,
            0.83740234375
        ],
        "1087.html": [
            0.8046969000565687,
            0.9189423175329297,
            0.9881749219098617,
            0.6278157083573211,
            0.6360124899827306,
            0.8525390625
        ],
        "8819.html": [
            0.691118587734175,
            0.22445228101162476,
            0.8574570593638592,
            0.705055078667087,
            0.8790777383783037,
            0.78955078125
        ]
    }
}